<?xml version="1.0" encoding="utf-8"?>
<extension version="1.0" type="whmcsaddon">
	<name>CMSE Framework For WHMCS</name>
	<version>1.0.7</version>
	<creationDate>03/24/19</creationDate>
	<author>CMSenergizer.com</author>
	<authorEmail>mail@cmsenergizer.com</authorEmail>
	<authorUrl>http://www.cmsenergizer.com</authorUrl>
	<copyright>CMSEnergizer.com</copyright>
	<license>EULA</license>
	
	<files>
		<file>cmseframework.php</file>
		<file>cmseframework.xml</file>
		<file>adminHead.php</file>
		<file>adminProdInsert.php</file>
		<file>headOutput.php</file>
		<file>functions.php</file>
		<file>hooks.php</file>
		<file>index.html</file>
		<file>_copyfiles</file>
		<file>assets</file>
		<file>lang</file>
		<file>lib</file>
		<file>templates</file>
	</files>

</extension>