<?xml version="1.0" encoding="utf-8"?>
<extension version="1.0" type="widget">
	<name>cmse Packed</name>
	<version>1.0</version>
	<creationDate>03/24/19</creationDate>
	<author>CMSenergizer.com</author>
	<authorEmail>mail@cmsenergizer.com</authorEmail>
	<authorUrl>http://www.cmsenergizer.com</authorUrl>
	<copyright>CMSEnergizer.com</copyright>
	<license>GNU/GPL</license>
	<preview>CMSE_WIDGET_PREVIEW_PACK</preview>
	<description>CMSE_WIDGET_DESCRIPTION_PACK</description>

	<fields>
		<fieldset label="Select Type">
			<field type="list" name="objecttype" label="">
				<option value="minicart">Mini Cart</option>
				<option value="footer">Copyright Footer</option>
				<option value="loginform">Login Form</option>
				<option value="language">Language Selector</option>
				<option value="domainsearch">Domain Search</option>
				<option value="cookie">Cookie Policy Modal</option>
			</field>
		</fieldset>
		
		<fieldset class="groupslide" label="Mini Tag Along Cart">
			<field type="divopen" divclass="flex-wrap" />
				<field type="text" name="cartemptymsg" placeholder="Your Cart Is Empty" label="Cart Empty Message" />
				<field type="yesno" name="hideempty" value="1" label="Hide When Empty" />
				<field type="yesno" name="showtotal" value="0" label="Show Total" />
				<field type="yesno" name="totaltext" label="Show Total Text" />

				<field type="list" name="display" label="Display Type">
					<option value="1">Full Cart</option>
					<option value="2">Minimal</option>
				</field>
			<field type="divclose" />
		</fieldset>
	
		<fieldset class="groupslide" label="Copyright Footer">
			<field type="divopen" divclass="flex-wrap" />
				<field type="number" name="start_year" placeholder="2006" label="Start Year" />
				<field type="yesno" name="totop" label="Scroll To Top" />
			<field type="divclose" />
		</fieldset>
		
		<fieldset class="groupslide" label="Login Form">
			<field type="divopen" divclass="flex-wrap" />
			<field type="list" name="orientation" label="Display Orientation">
				<option value="1">Vertical</option>
				<option value="2">Horizontal</option>
				<option value="3">Toggle View</option>
			</field>
			
			<field type="yesno" name="showlabels" value="1" label="Show Field Labels" />
			<field type="divclose" />
		</fieldset>
		
		<fieldset class="groupslide" label="Domain Search">
			<field type="text" name="search_hint" placeholder="Find your perfect domain" label="Placeholder Text" />

		</fieldset>
		
		<fieldset class="groupslide" label="Language Selector">
		</fieldset>
		
		<fieldset class="groupslide" label="PopUp Modal">
		</fieldset>
		
		<fieldset class="groupslide" label="Cookie Policy">
		</fieldset>
		
		<fieldset info="Add text or HTML above and below the display. Only functions with Footer and Mini cart" label="Text Output">
			<field type="divopen" divclass="flex-wrap" />
			<field type="textarea" name="pretext" label="Pre Text" />
			<field type="textarea" name="posttext" label="Sub Text" />
			<field type="divclose" />
		</fieldset>
	</fields>
	
</extension>