<?xml version="1.0" encoding="utf-8"?>
<extension version="1.0" type="widget">
	<name>cmse Menu</name>
	<version>1.0</version>
	<creationDate>03/24/19</creationDate>
	<author>CMSenergizer.com</author>
	<authorEmail>mail@cmsenergizer.com</authorEmail>
	<authorUrl>http://www.cmsenergizer.com</authorUrl>
	<copyright>CMSEnergizer.com</copyright>
	<license>GNU/GPL</license>

	<fields>
		<fieldset label="Basic">
			<field type="divopen" divclass="flex-wrap" />
				<field type="list" src="menugroup" name="menugroup" size="1" label="Menu Group">
				</field>
				
				<field type="list" name="navtemplate" label="Menu Template">
					<option value="default">Default Indent Subs</option>
					<option value="hover">Drop Subs Hover</option>
					<option value="dropdown">Drop Subs Click</option>
					<option value="megamenu">Mega Menu</option>
				</field>
				<field type="list" name="displayformat" value="vertical" label="Display Format">
					<option value="vertical">Vertical</option>
					<option value="horizontal">Horizontal</option>
				</field>
				<field type="yesno" name="showcaret" value="0" label="Show Caret" />
				<field type="yesno" name="mobilenav" value="0" label="Include Mobile" />
				<field type="text" name="togtext" placeholder="Menu" label="Show Toggle Text" />
				<field type="list" name="togposition" value="vertical" label="Toggle Position">
					<option value="pull-right">Right</option>
					<option value="pull-left">Left</option>
					<option value="togcenter">Center</option>
				</field>
			<field type="divclose" />
		</fieldset>
	</fields>
</extension>