<?xml version="1.0" encoding="utf-8"?>
<extension version="1.0" type="widget">
	<name>cmse Banner Display</name>
	<version>1.0</version>
	<creationDate>03/24/19</creationDate>
	<author>CMSenergizer.com</author>
	<authorEmail>mail@cmsenergizer.com</authorEmail>
	<authorUrl>http://www.cmsenergizer.com</authorUrl>
	<copyright>CMSEnergizer.com</copyright>
	<license>GNU/GPL</license>

	<fields>
		<fieldset label="Setup" icon="fas fa-wrench">
			<field type="categories" cattype="banner" name="bannercats" label="Categories" />
			
			<field type="divopen" divclass="flex-wrap" />
			<field type="list" name="order" label="Sort Order">
				<option value="created_at">Date Published Ascending</option>
				<option value="id">By ID Ascending</option>
				<option value="rand">Random</option>
			</field>
			<field type="list" name="direction" label="Sort Direction">
				<option value="asc">Ascendeing</option>
				<option value="desc">Descending</option>
			</field>
			<field type="number" name="count" min="1" value="1" label="Count" />
			<field type="list" name="displaytype" value="static" label="Display Type">
				<option vlaue="static">Static</option>
				<option value="slideshow">Slide Show</option>
			</field>
			<field type="divclose" />
		</fieldset>
		
	</fields>
</extension>