<?xml version="1.0" encoding="utf-8"?>
<extension version="1.0" type="widget">
	<name>cmse Custom HTML</name>
	<version>1.0</version>
	<creationDate>03/20/19</creationDate>
	<author>CMSenergizer.com</author>
	<authorEmail>mail@cmsenergizer.com</authorEmail>
	<authorUrl>http://www.cmsenergizer.com</authorUrl>
	<copyright>CMSEnergizer.com</copyright>
	<license>GNU/GPL</license>
	
	<fields>
		<fieldset label="Basics">
			<field type="textarea" name="custom_html" editor="wysiwyg" />
		</fieldset>
		
		<fieldset label="Background Image">
			<field type="image" name="bgimg" label="Background Image" />
			<field type="textarea" name="customcss" label="Custom CSS" />
		</fieldset>
	</fields>

</extension>