<?xml version="1.0" encoding="utf-8"?>
<extension version="1.0" type="widget">
	<name>cmse WHMCS Products</name>
	<version>1.0</version>
	<creationDate>03/24/19</creationDate>
	<author>CMSenergizer.com</author>
	<authorEmail>mail@cmsenergizer.com</authorEmail>
	<authorUrl>http://www.cmsenergizer.com</authorUrl>
	<copyright>CMSEnergizer.com</copyright>
	<license>GNU/GPL</license>

	<fields>
		<fieldset class="groupslide" label="Setup" icon="fas fa-wrench">
			<field type="list" name="displaytype" class="inlineblock aligntop" label="Display Type">
				<option value="products">Products</option>
				<option value="groups">Product Groups</option>
			</field>	
		
			<field 
			type="categories" 
			name="postcats" 
			src="products" 
			class="inlineblock aligntop" 
			label="Product Groups" />
			
			<field 
			type="text" 
			name="product_id" 
			class="inlineblock aligntop width-220" 
			showon="displaytype:products" 
			info="CMSE_WIDGET_INFO_PRODUCTS_BYID" 
			placeholder="23,5,17,124" 
			label="Products To Show By ID" />
			
			<field type="divopen" divclass="flex-wrap" />
			<field type="list" name="sortmethod" label="Sort Method">
				<option value="order">Ordered</option>
				<option value="created_at">Date Created</option>
				<option value="updated_at">Date Updated</option>
				<option value="is_featured">Featured</option>
				<option value="name">Name</option>
				<option value="id">ID</option>
			</field>
			<field type="list" name="sortdirection" label="Sort Direction">
				<option value="desc">Descending</option>
				<option value="asc">Ascending</option>
			</field>
			<field type="number" name="itemcount" min="0" label="Item Count" />
			<field type="text" name="pagination" label="Virtual Pagination" />
			<field type="divclose" />
			
		</fieldset>
		
		<fieldset label="Formatting" icon="fas fa-cubes" class="groupslide formatgroup">
			<field type="divopen" divclass="flex-wrap" />
			<field type="number" name="itemsperrow" min="0" label="Columns" />
			<field type="number" name="textlimit" min="0" label="Text Limit" />
			<field type="number" name="imgmask" min="0" label="Image Height" />
			<field type="text" name="buttonlabel" label="Button Label" />
			<field type="divclose" />
			<field type="layout" name="layout" filter="^widget-product" value="[image][title][text]" label="Layout" />
		</fieldset>
		
		<fieldset class="groupslide" label="Default Image">
			<field type="image" name="defaultimg" info="Set a default poster image which will display if no image is set for the product. The purpose is for display uniformity." />
		</fieldset>
		
		<fieldset label="Text or HTML before and after" class="groupslide">
			<field type="textarea" name="pretext" editor="wysiwyg" info="This content displays above the widget" label="Text Above" />

			<field type="textarea" name="posttext" editor="wysiwyg" info="This content displays below the widget" label="Text Below" />
		</fieldset>
		
		<fieldset label="Custom Scripting" class="groupslide" icon="fas fa-code">
			<field type="textarea" name="customcss" label="Custom CSS" />
		</fieldset>
	</fields>
</extension>