<?xml version="1.0" encoding="utf-8"?>
<extension version="1.0" type="widget">
	<name>cmse Latest Posts</name>
	<version>1.0</version>
	<creationDate>03/24/19</creationDate>
	<author>CMSenergizer.com</author>
	<authorEmail>mail@cmsenergizer.com</authorEmail>
	<authorUrl>http://www.cmsenergizer.com</authorUrl>
	<copyright>CMSEnergizer.com</copyright>
	<license>GNU/GPL</license>

	<fields>
		<fieldset label="Setup" icon="fas fa-wrench">
			<field type="divopen" divclass="flex-wrap" />
				<field type="categories" cattype="post" name="postcats" label="Categories" />
				<field type="text" name="postitems" placeholder="12,25,17" label="Post Items" />
				<field type="list" name="sortmethod" label="Sort Method">
					<option value="created_at">Date Published</option>
					<option value="id">By ID</option>
					<option value="sortorder">Ordered</option>
					<option value="rand">Random</option>
				</field>
				<field type="list" name="sortdirection" label="Sort Direction">
					<option value="desc">Latest Post First</option>
					<option value="asc">Latest Post Last</option>
				</field>
			<field type="divclose" />
			
			<field type="divopen" divclass="fieldrow" />
			<field type="number" name="itemcount" min="0" label="Item Count" />
			<field type="yesno" name="slideshow" value="0" label="Slide Show" />
			<field type="text" name="pagination" placeholder="4,6" showon="slideshow:0" label="Virtual Pagination" />
			<field type="yesno" name="addlink" value="1" label="Link To Post" />
			<field type="divclose" />
		</fieldset>
		
		<fieldset class="groupslide" label="Slide Show Settings">
			<field type="divopen" divclass="flex-wrap" />
				<field type="yesno" name="slidestart" value="1" label="Auto Play" />
				<field type="number" name="slideheight" label="Slider Height" />
				<field type="number" name="slidedelay" label="Slide Delay" />
				<field type="number" name="slidespeed" label="Slide Speed" />
			<field type="divclose" />
		</fieldset>
		
		<fieldset label="Layout Formatting" class="groupslide">
			<field type="divopen" divclass="flex-wrap" />
				<field type="number" name="textlimit" min="0" label="Text Limit" />
				<field type="number" name="imgmask" min="0" label="Image Height" />
				<field type="number" name="itemsperrow" min="0" label="Items Per Row" />
			<field type="divclose" />
			<field type="layout" name="layout" filter="^widget-post" value="[image][title][text]" label="Layout" />
		</fieldset>
		
		<fieldset label="Default Image" class="groupslide">
			<field type="image" name="defaultimg" />
		</fieldset>
		
		<fieldset label="Custom Scripting" icon="fas fa-code" class="groupslide">
			<field type="textarea" name="customcss" label="Custom CSS" />
		</fieldset>
	</fields>
</extension>